X;Kód;Čárkód;Název
PRAVDA;4106;5907657149463;Balíček 2x Mass Effect 1kg,  Fitness Authority
PRAVDA;2891;5999076205301;12 Hour Energy Shock / Energy Shot  Balení 20x 25 ml. , BIOTECH
PRAVDA;4175;8010053062995;Balíček Akce 1+1 Tekuté vaječné bílky 1000ml
PRAVDA;3529;neni;Akční balení BCAA 1200mg 2:1:1, 100tbl +100tbl, SNV
PRAVDA;;neni;AUKRO Balíček L-carnitin 100 000  + L- Carnitin 100 000 + L- Carnitin 40 000, SNV
PRAVDA;4127;neni;Balíček 2x Arginine  100tbl. SNV
PRAVDA;3468;neni;Balíček BCAA Extra 60000mg 1L + BCAA Extreme pure 120cps , AMINOSTAR
PRAVDA;3768;neni;Balíček Bulk 15lb (7,2kg), MVP + Tribulus 100tab SNV
PRAVDA;3766;neni;balíček L-carnitin + chrom 70 000mg 1l + 1l, SNV
PRAVDA;3706;neni;Balíček L-carnitin 100 000 + 35 000, SNV
PRAVDA;;neni;Balíček L-carnitin 100 000 + 40 000, SNV
PRAVDA;3521;neni;Balíček L-carnitin 100 000 + 50 000 1litr, SNV
PRAVDA;;neni;Balíček L-carnitin 40 000 1litr +1litr , SNV
PRAVDA;3770;neni;balíček Rapid Mass Gainer 6,8 kg PHP Edge + arginin 100tab SNV
PRAVDA;1487;neni;Creatine monohydrate 1000g + Glutamine 250g, SNV
PRAVDA;555;neni;Creatine monohydrate 500g + Creatine monohydrate 500g, SNV
PRAVDA;2892;neni;L-carnitin 100 000  + L- Carnitin 100 000, SNV
PRAVDA;;neni;L-carnitin 100 000mg 1+1l + ampule 2x 2500mg + 2x Energia, SNV
PRAVDA;1300;neni;L-carnitin 35 000mg 500ml + L-carnitin 35 000mg 500ml, SNV
PRAVDA;2088;neni;L-carnitin 50 000 s chromem 500ml + L-carnitin 35 000mg 500ml,SNV
PRAVDA;1427;neni;L-carnitin 50 000 s chromem 500ml + L-carnitin 50 000 s chromem 500ml, SNV
PRAVDA;1808;neni;L-carnitin 50 000mg  green tea 500ml + L-carnitin 50 000mg 500ml, SNV
PRAVDA;1574;neni;Super BCAA 85 000 liquid 1L + Super BCAA 85 000 1L, SNV
PRAVDA;2741;neni;Tribulus 100tbl SNV + Arginine  100tbl. SNV
PRAVDA;2298;neni;Tribulus terestris 100 tab. + Tribulus terestris 100 tab., SNV
PRAVDA;584;8594073170392;MagnesLife 10x25 ml, NUTREND
PRAVDA;3564;632964310118;M5 Extreme 595g, CELLUCOR
PRAVDA;3690;8594073175052;Uni sport Energy 1l, NUTREND
PRAVDA;;neni;Tribulus terestris 850mg 100 tab., SNV
PRAVDA;2551;5907695507799;Expandér EM 03, HMS
PRAVDA;2285;5907695515077;Míč Fitness 65cm, HMS
PRAVDA;591;5999076204465;L-Arginine AAKG 1000 100tbl, BIOTECH
PRAVDA;;631656703931;Amino Build 260-270g , MUSCLETECH
PRAVDA;2848;736211052575;ARCHIV - Assault 736g (32dávek), Muscle Pharm
PRAVDA;1679;8592691000305;ALC- Acetyl L-Carnitin 60 cps, XXTREME NUTRITION
PRAVDA;695;8594073171023;Arginine 120 caps., NUTREND
PRAVDA;2845;8594073174062;GAIN 14, 6kg, NUTREND
PRAVDA;2030;8594073175663;CARNILIFE 2000 20x25ml, NUTREND
PRAVDA;1947;8594159531796;BCAA Elite rate 500 kapslí, AMIX
PRAVDA;3657;8594159534797;Peruvian Maca 120 kapslí 750 mg , AMIX
PRAVDA;4007;8594159537309;Osteo DW Joint fuel 90 tab, Amix
PRAVDA;4009;8594159537385;CFM Nitro protein Isolate 1kg, MC, Amix
PRAVDA;4008;8594159537514;MyoCell 5-phase 500g, Amix
PRAVDA;2771;8595005802589;Amino Forte + Nitric oxide 250 tbl., Prom-in
PRAVDA;;8595098007908;Essential pure CFM 80 1kg, PROM-IN
PRAVDA;61;8595612000118;Diosgenin ATP 100 kps., ATP
PRAVDA;3895;8596090720130;Actionx 400g, EXTRIFIT
PRAVDA;4039;9771210289028;Speciál SK - Nejlepší světové tréninky, Svět Kulturistiky
PRAVDA;3328;neni;archiv Dárek Amino Hydrolyzed liqiud 1000ml, SNV
PRAVDA;;neni;Archiv Dárek Amino, SNV
PRAVDA;1173;neni;archiv Ručník, Dárek SNV
PRAVDA;834;neni;BCAA 1200mg 2:1:1, 100tbl, SNV
PRAVDA;3464;neni;BCAA 1200mg 2:1:1, 300tbl, SNV
PRAVDA;2900;neni;Maximum Krea-Genic 120 kapslí, WEIDER
PRAVDA;2367;neni;No Limit HMB+ 100 kapslí, NO LIMIT
PRAVDA;3375;neni;Tyčinka Hydro 30% 80g ( cookies ), EXTRIFIT
PRAVDA;1369;034659080298;Mex Size Max 6,8kg, MEX Nutrition
PRAVDA;3971;034659080489;MEX CLA + Green Tea 90 caps, MEX Nutrition
PRAVDA;3378;039442010650;100% Beef Amino 200tbl., UNIVERSAL
PRAVDA;2897;039442010667;100% Beef Amino 400tbl., UNIVERSAL
PRAVDA;3386;120492048608;TEstogen-XR 240g , RCSS Ronnie Coleman
PRAVDA;4198;2250225022501;Rukavice PRO grip 2250, Power System
PRAVDA;2260;4044782301159;Protein  80+ Plus sáček 500g, WEIDER
PRAVDA;3643;4044782318416;Maximum Krea-Genic 135 kapslí, WEIDER
PRAVDA;2838;5033579001234;Instant Whey PRO native 2,2kg, REFLEX NUTRITION
PRAVDA;3735;5033579013312;Vegan Protein 2,1kg, Reflex Nutrition
PRAVDA;2439;5060119290346;Pharma Blend 6 2,27kg, PHD
PRAVDA;2820;5060221200004;"Grenade Thermo Detonator Fat Burner 100cps, GRENADE
"
PRAVDA;3738;5060221200059;"Grenade 50 Calibre 580g, GRENADE
"
PRAVDA;3636;5060221200165;"AT4 Grenade rapid 120cps, GRENADE
"
PRAVDA;4120;5060221200882;"Grenade Fat Burner 44 tbl., GRENADE
"
PRAVDA;4162;5602353905787;Mladý ječmen prášek BIO 125 g, Iswari
PRAVDA;1813;5901180323130;Míč masážní 1766 EG2-65cm , HMS
PRAVDA;3939;5901180323208;SAGGIO FIT Fitness masážní míč 65cm, Spokey s.r.o.
PRAVDA;4048;5901750973567;Clenburexin Shot 500ml , Trec Nutrition
PRAVDA;4046;5901750973574;Clenburexin liquid shot 1000ml, Trec Nutrition
PRAVDA;;5901828341847;Super Omega 3 120cps., Trec Nutrition
PRAVDA;4130;5901828341892;Night protein Blend 750g., Trec Nutrition
PRAVDA;3121;5901828342745;Mega Mineral Pack 60 tab., Trec Nutrition
PRAVDA;2881;5901828344206;Magnum 8000 4kg, Trec Nutrition
PRAVDA;3513;5901828344435;HMB Revolution - 300cps ., Trec Nutrition
PRAVDA;3053;5901828344442;HMB Revolution - 150cps ., Trec Nutrition
PRAVDA;2835;5901828344923;Tribulon 120 cap. , Trec Nutrition
PRAVDA;2970;5901828345104;AAKG Mega Hardcore 120 cap., Trec Nutrition
PRAVDA;3320;5901828349034;S.A.W. Super Anabolic Workout Prášek 200g., Trec Nutrition
PRAVDA;3321;5901828349041;S.A.W. Super Anabolic Workout Prášek 400g., Trec Nutrition
PRAVDA;4018;5907640813715;Expander gumový Flexig, Spokey
PRAVDA;4052;5907657140514;Oat Mass 2,5kg Fitness Authority
PRAVDA;4053;5907657140965;Beef Mass 2,5kg Fitness Authority
PRAVDA;3255;5907657143126;FA Whey Protein 2,2 kg,  Fitness Authority
PRAVDA;3288;5907657143256;Multivitamin AM-PM Formula 90tbl + 90tbl, Fitness Authority
PRAVDA;3475;5907657145359;Mass Effect 5kg,  Fitness Authority
PRAVDA;3659;5907657146479;Lipotropic Fat Burner 200 caps. , AMIX
PRAVDA;3902;5907657148268;FA Gluta Core 400g,  Fitness Authority
PRAVDA;3906;5907657148343;FA Test Core 90 soft gels,  Fitness Authority
PRAVDA;3603;5907657148374;Flex Core 112gel , Fitness Authority
PRAVDA;2596;5907695516401;Hřídel lomená 120 cm, HMS
PRAVDA;2562;5907695579086;Rotana s držadly, K002
PRAVDA;3627;5907776170492;Dont´Stop 60kps. FitMax
PRAVDA;3625;5907776170560;Bulk Mass 2800g FitMax
PRAVDA;3624;5908264416177;Amino 2000, 150tab. FitMax
PRAVDA;2228;5999076208906;Magnesium 350 120 kps., BIOTECH
PRAVDA;612;5999500531884;Rukavice AK 16 s omotávkou, BIOTECH
PRAVDA;729;627933026923;Mutant Mass PVL 6,8kg, PVL
PRAVDA;4166;631656202625;Hydroxycut SX-7 70cps., MUSCLETECH
PRAVDA;2149;666720001583;BCAA 5000 500g, MVP
PRAVDA;3793;728633103201;Jumbo Professional 3,24kg, SCITEC
PRAVDA;3485;728633103539;TestoPump T-360 108cps, SCITEC
PRAVDA;1561;728633105823;100% Whey protein 2,3kg SCITEC
PRAVDA;3958;728633106820;Trans-X kreatin 1816g, SCITEC
PRAVDA;3952;728633108367;Casein Compex 2300g, SCITEC
PRAVDA;1381;728633108480;Whey protein Professional 30x30, SCITEC
PRAVDA;2776;728633108497;100% Whey protein professional 60x30, SCITEC
PRAVDA;4111;728633109807;WOD Chrusher Fireworks 360g, Scitec Nutrition
PRAVDA;4069;732907100186;ProTan OverNight Step3 250ml , Soutěžní barva
PRAVDA;748;748927029574;100% Whey Gold 2,3 kg, OPTIMUM NUTRITION
PRAVDA;3583;8033229470066;Fitness Barley 350g, Fitness Coffee
PRAVDA;3964;8033229471049;Fitness Coffee  Cannabissimo 250g
PRAVDA;3584;8033229474019;Fitness coffee 250g Sensuall caffe
PRAVDA;3868;816532014114;Simple Whey 1kg, F2 Full Force Nutri.
PRAVDA;3859;816532014190;Full Mass 3 kg, F2 Full Force Nutri.
PRAVDA;3875;816532014275;Supercarb Slow 3kg, F2 Full Force Nutri.
PRAVDA;3863;816532014312;Collagen For Joints 180 caps, F2 Full Force Nutri.
PRAVDA;3865;816532014374;Milk Protein 2,27 kg, F2 Full Force Nutri.
PRAVDA;3873;816532014602;Carb-F 1kg, F2 Full Force Nutri.
PRAVDA;3880;816532014633;Carnitine 150caps , F2 Full Force Nutri.
PRAVDA;3881;816532014640;Glutamine 500g , F2 Full Force Nutri.
PRAVDA;3879;816532014671;BCAA + B6 375tbl , F2 Full Force Nutri.
PRAVDA;3885;816532014725;Pure Acetyl L-Carnitine 100g , F2 Full Force Nutri.
PRAVDA;3886;816532014732;Pure Beta Alanine 180g , F2 Full Force Nutri.
PRAVDA;1816;8580904283003;Tepláky Nebbia rovné Hard POWER logo, NEBBIA kod 283
PRAVDA;3806;8580904637004;Nebbia NEW Elastické dámské tílečko MINI kod 637, NEBBIA
PRAVDA;4058;8580904672005;Joggers tepláky dámské kod 672 , NEBBIA
PRAVDA;3944;8580904760009;Mikina klasik Nebbia KOD 760, NEBBIA
PRAVDA;4178;8580904791003;Milan Šádek Kolekcia - Vesta Reg top 791, NEBBIA
PRAVDA;2853;8590250120136;V 52 Vita Complex 60tbl Extrifit
PRAVDA;942;8591925000906;Speed 8 ampule 10x20ml, WELLNESS FOOD
PRAVDA;1675;8592691000046;CLA Ethy Ester 60 cps., XXTREME NUTRITION
PRAVDA;1674;8592691000053;L-Carnitin 66700 mg, 1000 ml, XXTREME NUTRITION
PRAVDA;1571;8592691000312;BCAA Malate 120 cps. 2-1-1, XXTREME NUTRITION
PRAVDA;1570;8592691000336;Nitro 120 cps., XXTREME NUTRITION
PRAVDA;1609;8592691000343;Nitro 240 cps., XXTREME NUTRITION
PRAVDA;3292;8594014860191;Creatine monohydrate CreaPURE 500g, NUTREND
PRAVDA;3687;8594014860856;Amino Power liquid 500ml, NUTREND
PRAVDA;2846;8594014861396;L-Glutamine 500g, NUTREND
PRAVDA;1086;8594014863628;Uni sport 0,5 L, NUTREND
PRAVDA;270;8594031500469;TPM paže,Svět Kulturistiky
PRAVDA;3614;8594032109982;Glutamin Caps 200 kapslí, ATP Nutrition
PRAVDA;703;8594046790244;HCA Fat Zero 500mg 100caps., AMINOSTAR
PRAVDA;1446;8594046790503;Kre-alkalyn XXL 90cps , AMINOSTAR
PRAVDA;3967;8594046790602;Digestive Enzymstar 120 kapslí , Aminostar
PRAVDA;3505;8594046790855;Joint Support protein 1000g,  AMINOSTAR
PRAVDA;643;8594046792712;BCAA Extra 60000mg 1L , AMINOSTAR
PRAVDA;2778;8594046792750;Creatin monohydrat 500g, Aminostar
PRAVDA;644;8594046793573;BCAA Extreme pure 4:1:1 220kps. , AMINOSTAR
PRAVDA;652;8594046793634;EGG amino 4000 325 tab., AMINOSTAR
PRAVDA;3568;8594046794211;Anabolic Booster XXL 148 caps., AMINOSTAR
PRAVDA;681;8594046794495;SRH - Stimulant růstovného hormonu 100 caps., AMINOSTAR
PRAVDA;626;8594046794754;ZMA 90 kps, AMINOSTAR
PRAVDA;3753;8594046794839;L-Glutamine 1000mg, 240 tablet AMINOSTAR
PRAVDA;3754;8594046795089;Kre-alkalyn 120 kps,  AMINOSTAR
PRAVDA;2433;8594046797069;Creashock 1600g, AMINOSTAR
PRAVDA;1851;8594046798158;Krea-genic 120 caps, AMINOSTAR
PRAVDA;1295;8594046798271;Fat Zero Mobilizator Caffein Active 90 caps 200 mg, AMINOSTAR
PRAVDA;3779;8594056370184;Příprava na soutěž v kulturistice, publikace
PRAVDA;377;8594073170293;Isodrinx 5x35g zelené jablko, NUTREND
PRAVDA;2847;8594073170774;Tyrosin 120 cps., Nutrend
PRAVDA;1342;8594073172242;Compress Iso Whey 90 Colostrum 1000g, NUTREND
PRAVDA;2906;8594073172648;Enduro BCAA 120 tbl., Nutrend
PRAVDA;;8594073173331;BCAA Mega strong 500 ml, NUTREND
PRAVDA;2029;8594073173409;CARNILIFE 1000 + Q10  60cps, NUTREND
PRAVDA;3444;8594073174833;Long CORE 80 2200g, Nutrend
PRAVDA;3437;8594073175441;Compress T.R.T., 120 tbl., Nutrend
PRAVDA;3436;8594073175458;Compress Caliber pump 1100g, Nutrend
PRAVDA;3580;8594073175762;NEW Fat Direct 160 caps, NUNTREND
PRAVDA;3691;8594073175908;T-meal Fruity 20 x 40g, NUTREND
PRAVDA;3689;8594073176165;Compress BCAA Instant Drink 500g, NUTREND
PRAVDA;3927;8594073176387;Compress Whey Amino 10000, 100 tbl., NUTREND
PRAVDA;;8594073177117;Ecdysterone 60 cps., Nutrend
PRAVDA;3514;8594159531185;WheyPro Elite 65% 2500g , AMIX
PRAVDA;2925;8594159531307;WheyPro Elite 85% 2300g, AMIX
PRAVDA;1959;8594159531536;NightPro Elite 90% protein 1000g, AMIX
PRAVDA;1949;8594159531611;Kre-alkalyn 1500 120 kapslí, AMIX
PRAVDA;1920;8594159531673;L-Glutamine 500g powder, AMIX
PRAVDA;;8594159531680;L-Glutamine pure 1000g, AMIX
PRAVDA;3652;8594159531727;Osteo Anagenesis 120 cps. , AMIX
PRAVDA;1945;8594159531772;BCAA Elite rate 120 kapslí , AMIX
PRAVDA;1946;8594159531789;BCAA Elite rate 220 kapslí , AMIX
PRAVDA;1995;8594159531826;HMB 120 kps., AMIX
PRAVDA;1978;8594159531932;Tribulyn 220 kapslí , AMIX
PRAVDA;1940;8594159531994;Nitric 125 kapslí, AMIX
PRAVDA;1941;8594159532007;Nitric 350 kapslí, AMIX
PRAVDA;1983;8594159532083;Inosine 100 kapslí 600 mg, AMIX
PRAVDA;2021;8594159532120;Vitargo Load 1000g , AMIX
PRAVDA;2022;8594159532144;Vitargo Load 2000g , AMIX
PRAVDA;1976;8594159532427;Tribulyn Max 90% 90 kapslí, AMIX
PRAVDA;1951;8594159532441;Tribusten 125 kapslí , AMIX
PRAVDA;1923;8594159532700;L-Glutamine 800mg 120 kapslí, AMIX
PRAVDA;1922;8594159532717;L-Glutamine 800mg 360 kapslí, AMIX
PRAVDA;1968;8594159532755;Daily One 60 tablet, AMIX
PRAVDA;1985;8594159532816;Catua Bolix 100 kapslí , AMIX
PRAVDA;1980;8594159532830;ALA 60 kapslí kyselina Alfa Lipová, AMIX
PRAVDA;3662;8594159533356;Crea Trix 824g Lemon , AMIX
PRAVDA;3654;8594159533523;Super Omega 3 fish oil 90 kapslí 1000 mg , AMIX
PRAVDA;3647;8594159533974;Calcium + Mg + Zn 100tbl , AMIX
PRAVDA;3408;8594159534469;Gel - No Fat and Cellulite women 200 ml, AMIX
PRAVDA;3409;8594159534476;Fat Burner Gel Men 200 ml, AMIX
PRAVDA;2852;8594159534650;CitruLyn 750mg 120 kapslí, AMIX
PRAVDA;2856;8594159534728;Tribulus 90% with ZMA 120mg, 90tbl., Amix
PRAVDA;3681;8594159534827;Enzymex multi 90 kapslí , AMIX
PRAVDA;3608;8594159535343;Carbo Jet Mass Profesional 3kg , AMIX
PRAVDA;1953;8594159535596;BetaBolix 90tab , AMIX
PRAVDA;3656;8594159535824;Osteo Ultra Geladrink 600g , AMIX
PRAVDA;2893;8594159535831;"Shake 4 Fitslim 1kg + CarniLine, AMIX
"
PRAVDA;602;8594159535985;Vitamin E 400 100 caps., AMIX
PRAVDA;3646;8594159536265;BCAA New Generation 1+0,5l zdarma, AMIX
PRAVDA;3668;8594159536517;CGT-3 500 kapslí , AMIX
PRAVDA;3651;8594159536531;Amino Pills 330 tbl. , AMIX
PRAVDA;3669;8594159536791;L-Leucine pure 1000mg 120 kapslí , AMIX
PRAVDA;;8594159536807;Osteo Glucosamine 100mg, 90 kapslí, AMIX
PRAVDA;3988;8594159537255;Myto Test-V3 90 kapslí, Amix
PRAVDA;4006;8594159537262;Detonatrol 90 thermo capsules Muscle Cor, Amix
PRAVDA;4004;8594159537279;Amino tabs con creapep 250tbl, Amix
PRAVDA;3987;8594159537286;Hells NO2 100 kapslí pre workout, Amix
PRAVDA;4003;8594159537293;CreAge Creatine HCL 120 kapslí, Amix
PRAVDA;4011;8594159537316;Smooth-8 hybrid protein 2300g, Amix
PRAVDA;3348;8594159940086;FAT STOVE gel 500ml, Holma s.r.o.
PRAVDA;3554;8595005803098;Nitric oxide Forte 100 cps., Prom-in
PRAVDA;3605;8595005803487;Vitamin C800 + Rose Hip extract - 60 tablet PROM-IN
PRAVDA;4200;8595005803579;Maltodextrin 1500g, Prom-in
PRAVDA;3916;8595098007298;Protein 65% Junior 1,5kg, PROM-IN
PRAVDA;1742;8595098007557;GELATINA + coral calcium 360cps, PROM-IN
PRAVDA;3908;8595098008110;Essential pure CFM 80 2,25kg, PROM-IN
PRAVDA;1079;8595098008189;Whey protein 65 laktofit 1kg, PROM-IN
PRAVDA;3599;8595612000378;Cordyceps Sinensis 100kps ATP
PRAVDA;3616;8595612000507;Creatine 6000 240 kapslí, ATP Nutrition
PRAVDA;3604;8595612000606;Gelatina Caps 250 kapslí, ATP Nutrition
PRAVDA;407;9788086462226;Co ještě nevíte o výživě, Svět Kulturistiky
PRAVDA;3928;9788090258952;Magické odbourávání tuků, Svět Kulturistiky
PRAVDA;3338;neni;Active Fat Burner 90tab, BIOTECH USA
PRAVDA;;neni;BCAA mega forte 30 ampulí, SANAS
PRAVDA;3478;neni;Bidon 0,7 l, Nutrend
PRAVDA;2830;neni;Bidon 0,7l , Trec
PRAVDA;2158;neni;Caffeine STAY ALERT 200mg, 100tab, MVP
PRAVDA;1772;neni;Coffy Stimulant 200mg 100 tbl. , EXTRIFIT
PRAVDA;2214;neni;Crea Pure Megastrong 180tbl., Extrifit
PRAVDA;1722;neni;Činkový set v kufříku 20 KG, HMS
PRAVDA;1779;neni;Dámská mikina XXtreme, XXTREME NUTRITION
PRAVDA;1437;neni;Energia long EFF Ampule 25ml 10+2, SNV
PRAVDA;;neni;Melatonin Forte 90 cps,  MVP
PRAVDA;3715;neni;Nebbia NEW Dámská Mikina bavlna kod 607/635, NEBBIA
PRAVDA;;neni;Nebbia NEW Dámská Mikina polyester kod 185, 356 , NEBBIA
PRAVDA;;neni;Nebbia NEW Dámské 3/4 elastické tepláky  kod 638 ,NEBBIA
PRAVDA;2867;neni;Nebbia NEW Zumba dámské kalhoty 382 NEBBIA
PRAVDA;2377;neni;No Limit L-Glutamine 100 kapslí, NO LIMIT
PRAVDA;1720;neni;Rukavice Kožené RF 07, HMS
PRAVDA;3334;neni;Tested OMEGA 3-6-9 180 caps., Tested Nutrition
PRAVDA;777;neni;Tribulus terestris 500mg 100 tab., SNV
PRAVDA;3720;neni;Vesta RegTop Nebbia kod 414, NEBBIA
PRAVDA;3702;neni;Vesta RegTop Nebbia kod 499, NEBBIA
PRAVDA;175;030963060421;Amino ST 2300 325 tb, BIOTECH USA
PRAVDA;3914;034659080250;"MX Whey American Standard;  2,2 kg, MEX Nutrition"
PRAVDA;3640;034659080502;Mex Isolate 90% 1,8 kg, MEX Nutrition
PRAVDA;3740;034659080724;MEX BCAA 20k 500g, MEX Nutrition
PRAVDA;4163;138055651547;Agáve sirup BIO 500 g, Iswari
PRAVDA;;2111000007604;Pillbox  krabička na prášky, Biotech
PRAVDA;2883;28594014866333;SHLEHA 10x25ml, NUTREND
PRAVDA;3462;3123457890134;Fusion Pro 2,3kg - Dedicated
PRAVDA;3913;3400340034005;Trhačky PS-3400, Power System
PRAVDA;3269;4044782317112;Creatine pure 600g, Weider
PRAVDA;4157;5602353904025;Chia semínka BIO 200 g, Iswari
PRAVDA;4148;5602353904292;Konopný protein BIO 250g, Iswari
PRAVDA;4150;5602353904414;Maca prášek BIO 125 g, Iswari
PRAVDA;4149;5602353904704;Konopný protein BIO 1 kg, Iswari
PRAVDA;4159;5602353905183;Zlatá Omega BIO 250 g, Iswari
PRAVDA;4158;5602353905305;Len zlatý - mletý BIO 250 g, Iswari
PRAVDA;4154;5602353905404;Snídaně kakao-lucuma BIO 360 g, Iswari
PRAVDA;4155;5602353905411;Snídaně konopný protein-lucuma BIO 360 g, Iswari
PRAVDA;4160;5602353906159;Naklíčená semínka směs BIO 250 g, Iswari
PRAVDA;;5901180323109;FITSEAT Balanční podložka, Spokey
PRAVDA;4151;5901828340475;Vital Stack 500ml, Trec Nutrition
PRAVDA;3711;5901828341090;MultiPack 36 120 tab.,  Trec Nutrition
PRAVDA;3015;5901828341861;Creatine micro 200mesh 400cps., Trec Nutrition
PRAVDA;4129;5901828341915;Night protein Blend 1500g., Trec Nutrition
PRAVDA;2831;5901828342752;Anabolic Bcaa system 150 cap. Trec Nutrition
PRAVDA;3154;5901828344497;Omega 3-6-9 120 cap.,  Trec Nutrition
PRAVDA;3313;5901828344879;L-carnitin + Green Tea 90kap., Trec Nutrition
PRAVDA;3068;5901828344886;L-Carnitin s green tea 180cap., Trec Nutrition
PRAVDA;3380;5901828347627;100% Whey protein 1500g., Trec Nutrition
PRAVDA;3312;5901828349287;S.A.W. Super Anabolic Workout Capsle 120 cap., Trec Nutrition
PRAVDA;3573;5901828349638;CM3 250g powder , Trec Nutrition
PRAVDA;2764;5907657140989;Napalm Vitargo 1kg, Fitness Authority
PRAVDA;3602;5907657142792;FA ZMA 90cps,  Fitness Authority
PRAVDA;3484;5907657143850;Creatin Xtreme 500g, Fitness Authority
PRAVDA;4031;5907657144642;Greens & Juice 400g, Fitness Authority
PRAVDA;3901;5907657148275;FA PUMP CORE 500g,  Fitness Authority
PRAVDA;3900;5907657148305;FA BCAA CORE 350g,  Fitness Authority
PRAVDA;3899;5907657149456;Xtreme BEEF HYDROLYZED PROTEIN ISOLATE 1,8 kg Fitness Authority
PRAVDA;1763;5907695507737;Švihadlo SK07 kůže dřevěné madla/ SK03 Kůže+pěnové madla, HMS/Spokey
PRAVDA;1811;5907695507782;Švihadlo SK08, SK12 s počítačem, HMS
PRAVDA;3932;5907695579550;karimatka - Podložka pro Jógu YM01
PRAVDA;3622;5907776170539;BCAA + Citrulin 600g FitMax
PRAVDA;103;5999076203932;Mega Amino 3200 100t., BIOTECH
PRAVDA;3698;5999076205899;1 Dávka Nitro Pure whey Gold 28 g , BIOTECH
PRAVDA;223;5999500537978;Amino Fuel 350 tab, BIOTECH USA
PRAVDA;266;5999500538050;Crea - Pump Transport 1000g, BIOTECH USA
PRAVDA;19;5999500538852;L-Carnitine 500mg, 60tbl., BIOTECH
PRAVDA;4118;5999562830352;"RAW Gainer 4000g; YE-Nutrition"
PRAVDA;1106;666720000357;Creatine-monohydrate 1kg Next Level MVP, MVP
PRAVDA;3970;696859258572;Arnold Series Iron Whey 908g, Muscle Pharm
PRAVDA;3825;728633101238;SE Garlic-Parsley 100kaps, SCITEC
PRAVDA;1415;728633101290;Yucca 100, 100cps., SCITEC
PRAVDA;3846;728633101672;100% Whey protein professional 920 g, SCITEC
PRAVDA;937;728633102525;Chromium picolinate 100tbl, SCITEC NUT.
PRAVDA;3750;728633102976;Amino Liquid 50 1000ml, SCITEC NUT.
PRAVDA;3419;728633103454;Amino 5600 500 tabl.., SCITEC
PRAVDA;3773;728633103751;Caffeine 100 kaps, SCITEC
PRAVDA;3399;728633105113;Adipokill = Revex-16 108 kaps., SCITEC
PRAVDA;3423;728633106707;Whey Protein Delite 4000g, SCITEC
PRAVDA;;728633106820;Trans-X kreatin 908g, SCITEC
PRAVDA;3710;728633107681;Diabolica 105 kaps. ESFA, SCITEC
PRAVDA;3489;753182677088;Carnitine MTX 120cps, INFINITE LABS
PRAVDA;3585;8033229470400;Fitness coffee B-Fine Fully balení 7g x 30 kusů
PRAVDA;3862;816532014213;Full Mass 1 kg, F2 Full Force Nutri.
PRAVDA;3872;816532014275;Carb-F 3kg, F2 Full Force Nutri.
PRAVDA;3864;816532014367;Milk Protein 1kg, F2 Full Force Nutri.
PRAVDA;3874;816532014619;Supercarb Slow 1kg, F2 Full Force Nutri.
PRAVDA;3869;816532014770;Simple Whey 2,27 kg, F2 Full Force Nutri.
PRAVDA;3639;858196000096;Jan Tana Ultra 1, Soutěžní barva
PRAVDA;3983;8591325000124;Rukavice Mad Max eXtreme 2nd edition
PRAVDA;1569;8592691000022;CEEM - Creatine Ethyl Ester Malate 120 cps, XXTREME NUTRITION
PRAVDA;1728;8592691000039;Cla Ethyl Ester 180 cps, XXTREME NUTRITION
PRAVDA;1668;8592691000183;Heavy Weight Gainer 1000g, XXTREME NUTRITION
PRAVDA;2779;8592691000244;Heavy Weight Gainer 3000g, XXTREME NUTRITION
PRAVDA;1913;8592691002705;T90 - Extreme Testosterone Booster 120cps + 120cps zdarma!, XXTREME
PRAVDA;2802;8594004011497;Yucca 150 tobolek, Olimpex
PRAVDA;715;8594032106608;Beef protein Amino 2200 250tbl., MEGA PRO
PRAVDA;63;8594045470314;Lecitin 1200 mg, 90tab., H-SPORT
PRAVDA;2282;8594045470321;Vitamin C 500 mg 105tbl., H-SPORT
PRAVDA;2733;8594046791074;CFM ( Long )Night Effective pro 90% 2kg, AMINOSTAR
PRAVDA;4199;8594046792439;Whey gainer 1kg Actions, AMINOSTAR
PRAVDA;3480;8594046793580;BCAA Extreme pure 120kps. , AMINOSTAR
PRAVDA;1852;8594046794006;Anabolic Booster 180 caps., AMINOSTAR
PRAVDA;649;8594046794259;HMB 100 kps., AMINOSTAR
PRAVDA;654;8594046794549;Whey gainer 2,25 kg Actions, AMINOSTAR
PRAVDA;653;8594046794822;L-glutamine micro meshed pure 500g, AMINOSTAR
PRAVDA;702;8594046794853;Multi Mega sport Vit. min. 120 caps., AMINOSTAR
PRAVDA;807;8594046795324;Nitric Oxide Expander 120 caps., AMINOSTAR
PRAVDA;3756;8594046795447;Fat zero Ultra Diet Shake 1000g, Aminostar
PRAVDA;3757;8594046795492;Fat zero Ultra Diet Shake 500g, Aminostar
PRAVDA;1351;8594046797014;Whey gainer 7 kg  Actions, AMINOSTAR
PRAVDA;1157;8594046799155;CFM Long Night Effective pro 90% 1 kg , AMINOSTAR
PRAVDA;716;8594067420168;Mega Lecitin 1200 B1 B2 B6 selen 100 caps, CARNE LABS
PRAVDA;4029;8594067420229;L-glutamin ferment 500g, Carne Labs
PRAVDA;711;8594067420298;Combo Anabol 200 tbl., CARNE LABS
PRAVDA;579;8594073170705;Flexit 180 kps., NUTREND
PRAVDA;1458;8594073172853;Enduro Gainer 520 g, NUTREND
PRAVDA;2068;8594073173607;Compress Volcano 120caps, NUTREND
PRAVDA;2754;8594073173959;BCAA MEGA SHOT balení 20x 60ml, NUTREND
PRAVDA;1765;8594073174680;Compress N.T., 900g, NUTREND
PRAVDA;3645;8594073175397;Regener 10x75g, NUTREND
PRAVDA;1445;8594073175649;Carniform Shot 20x60ml , NUTREND
PRAVDA;2200;8594073176370;Compress BCAA 100 tbl., NUTREND
PRAVDA;1989;8594159531451;Carbo Jet Gain 2250g , AMIX
PRAVDA;1934;8594159531642;Creatine monohydrate 500g powder, AMIX
PRAVDA;1984;8594159531840;Zma 90 kapslí , AMIX
PRAVDA;1958;8594159531895;Arginine 500mg 360 kapslí, AMIX
PRAVDA;1950;8594159531949;Kre-alkalyn 1500 220 kapslí , AMIX
PRAVDA;1943;8594159532205;Syne Max 90 kapslí , AMIX
PRAVDA;1938;8594159532274;CarniLean Thermo.fat burner 480 ml , AMIX
PRAVDA;1981;8594159532380;Nitric Oxide 120 kapslí, AMIX
PRAVDA;1982;8594159532397;Nitric Oxide 360 kapslí , AMIX
PRAVDA;1972;8594159532687;Diosgen 100 kapslí , AMIX
PRAVDA;1929;8594159532731;Creatine monohydrate 800mg 500 kapslí AMIX
PRAVDA;2909;8594159533998;ThermoCore Professional 90 caps, AMIX
PRAVDA;3684;8594159534179;Isolyn Isotonic drink 800g , AMIX
PRAVDA;3676;8594159534636;Diuretic complex 90 kapslí, AMIX
PRAVDA;3673;8594159534681;Amino Hydro 32 550 tablet, AMIX
PRAVDA;3933;8594159534698;Amino Hydro 32 250 tablet, AMIX
PRAVDA;2855;8594159534759;BCAA Gold 1000mg 300 tablet 2-1-1, AMIX
PRAVDA;2910;8594159535060;Anabolic monster beef 90% 1kg, Amix
PRAVDA;3612;8594159535374;Carnosyn 100 kapslí 600mg, AMIX
PRAVDA;3675;8594159535961;Lecithin 1200mg  100 softgels, AMIX
PRAVDA;3483;8594159940215;FAT STOVE gel 1000, Holma
PRAVDA;4035;8595098008240;Laktofit protein 80 1kg, PROM-IN
PRAVDA;234;9788086462035;Ptejte se, odpovím přímo, Svět Kulturistiky
PRAVDA;4152;9788086462127;Výživa v otázkách a odpovědích Petr Fořt , Svět Kulturistiky
PRAVDA;245;9788086462202;Tréninkové metody a principy, Svět Kulturistiky
PRAVDA;1166;9788086462288;Tekuté svaly,Svět Kulturistiky
PRAVDA;2801;neni;Amino Hydro 6900 ULTRA 555 tbl., SNV
PRAVDA;2573;neni;Činka vinyl 1kg HMS
PRAVDA;2575;neni;Činka vinyl 2kg HMS
PRAVDA;3326;neni;Dámská mikina se sukýnkou  KOD 357, NEBBIA
PRAVDA;3889;neni;FireFit 90cps., FitMax
PRAVDA;2878;neni;Muscle Gel, 12 packs, Muscle Pharm
PRAVDA;1673;neni;Rukavice Professional s bandáží zápěstí , XXTREME NUTRITION
PRAVDA;2350;neni;tyčinka WOW Protein Bar 60g, Fitness Authority
PRAVDA;3714;034659080182;"MX Matrix 10;  2,2 kg, MEX Nutrition"
PRAVDA;2237;4044782312193;Gold Whey Delicious 2kg Weider, WEIDER
PRAVDA;3990;5060245602037;Platinum PRE 300 g, Optimum Nutrition
PRAVDA;4153;5602353905466;Maccacino BIO 125 g, Iswari
PRAVDA;4156;5602353905879;Snídaně maca-moruše-jahoda BIO 360 g, Iswari
PRAVDA;4161;5602353906548;Chorela tablety BIO 125 g, Iswari
PRAVDA;2833;5901828344305;Clenburexin II 90 kap, Trec Nutrition
PRAVDA;2859;5901828344312;Clenburexin 180 kap, Trec Nutrition
PRAVDA;3071;5901828344831;L-carnitin 60cps , Trec Nutrition
PRAVDA;3708;5901828345005;CM3 360 cps. , Trec Nutrition
PRAVDA;3931;5907640821147;Fitband bandáž zápěstí neoprenová 1ks, Spokey
PRAVDA;3257;5907657142440;DIAMOND hydrolysed whey protein 2,27kg, Fitness Authority
PRAVDA;3481;5907657143836;Napalm Pre 500g, Fitness Authority
PRAVDA;3638;5907657144604;Xtreme BEEF AMINO 600tbl, Fitness Authority
PRAVDA;4013;5907657147452;FA Omega 3-6-9 120 cap., Fitness Authority
PRAVDA;3903;5907657148251;FA Crea Core 350g,  Fitness Authority
PRAVDA;3618;5907657148350;FA Lipo Core, Fitness Authority
PRAVDA;2609;5907695568776;Fitness neoprénové rukavice RF01 HMS
PRAVDA;3888;5907776170386;BCAA + Glutamin 600g FitMax
PRAVDA;3621;5908264416191;Whey Protein 81 Plus750g, FitMax
PRAVDA;599;5999076202263;Omega 3- 90kps, BIOTECH
PRAVDA;3336;5999076203871;CarboX 1000g. , BIOTECH
PRAVDA;2017;5999076205936;Brutal Muscle ON 30g - vzorek, BIOTECH
PRAVDA;5;5999076206605;BCAA Nano 3D 90 tbl, BIOTECH
PRAVDA;403;5999500530818;Multi Mineral Complex 100 tab., BIOTECH USA
PRAVDA;2808;627933027210;Mutant Whey Protein 2,3kg, PVL
PRAVDA;2445;666720000173;Freak N Huge Mass 10lbs = 4,6kg, MVP
PRAVDA;4193;713757375535;CASEIN Combat  Powder 1,8kg, Muscle Pharm
PRAVDA;1568;728633101085;Liver Aid - Support 80 kps., SCITEC
PRAVDA;3824;728633102785;SE Bromelain 90caps, SCITEC
PRAVDA;3501;728633102853;Jumbo  4400g, SCITEC
PRAVDA;3749;728633102969;Amino Liquid 30 1000ml - SCITEC, SCITEC
PRAVDA;3420;728633105076;PFX - Perfect Fatloss 120cps., SCITEC
PRAVDA;3398;728633105953;Egg Amino 250 cps., SCITEC
PRAVDA;4061;728633107179;Creatine UltraPure monohydrate 500 g., SCITEC
PRAVDA;3497;736211049377;100% Micellar Casein Protein 1360g, Muscle Pharm
PRAVDA;3365;736211053770;Creatine 300g, Muscle Pharm
PRAVDA;3860;816532014329;Full  Force Creatine Monohydrate 500g, F2 Full Force Nutri.
PRAVDA;3861;8165320143362;Full  Force Creatine Monohydrate 1 kg, F2 Full Force Nutri.
PRAVDA;3878;816532014664;BCAA + B6 150tbl , F2 Full Force Nutri.
PRAVDA;2805;8410885071378;Chitomar Chitosan 60 kps., Olimpex
PRAVDA;4067;8580904636007;Nebbia NEW Dámská elast. nohavice úzké / legíny 636 , NEBBIA
PRAVDA;1608;8592691000015;CEEM- Creatine Ethyl Ester Malate 240 cps, XXTREME NUTRITION
PRAVDA;;8594004222657;Horský pramen voda Aqua 750ml, NUTREND
PRAVDA;3890;8594010860089;Zinek forte 25mg 100tbl, VitaHarmony
PRAVDA;3688;8594014860849;Amino Power liquid 1000ml, NUTREND
PRAVDA;2872;8594014862010;Antioxidant 60 kps, NUTREND
PRAVDA;938;8594014866346;Turbosnack 10x25 ml, NUTREND
PRAVDA;269;8594031500476;TPM hrudník,Svět Kulturistiky
PRAVDA;272;8594031508489;TPM nohy,Svět Kulturistiky
PRAVDA;2901;8594032106066;Massive 1100 WheyGain 7264g, MEGA PRO
PRAVDA;710;8594032109845;BCAA Max 250 kapslí, ATP Nutrition
PRAVDA;3641;8594046790534;Fat Zero 4 men 100 kps., AMINOSTAR
PRAVDA;655;8594046794532;Whey gainer 4,5 kg  Actions, AMINOSTAR
PRAVDA;771;8594046794570;Tribulus terrestries 120c, AMINOSTAR
PRAVDA;686;8594046794891;One daily multivitamin a mineral 60 tbl., AMINOSTAR
PRAVDA;772;8594067420229;Super fat burner 200 tbl., CARNE LABS
PRAVDA;1425;8594073171009;Flexit Liq. 500ml - Gelacoll 180 caps, NUTREND
PRAVDA;376;8594073172464;Regener 450g, NUTREND
PRAVDA;700;8594073174086;MASS GAIN 20, 2,25g, NUTREND
PRAVDA;1119;8594073174871;Caffeinpyrin 100 kap., NUTREND
PRAVDA;3999;8594073176462;Compress B.I.G. 910g
PRAVDA;1990;8594159531116;Isopure-Isoprime CFM protein 90% 1000g, AMIX
PRAVDA;1956;8594159531871;Taurine 1000mg 360 kapslí , AMIX
PRAVDA;1988;8594159531901;Tyrosin 500mg 120 kapslí , AMIX
PRAVDA;3609;8594159532021;Creatine ethyl ester 125 kapsle AMIX
PRAVDA;1987;8594159532038;Creatine ethyl ester 350 kps., AMIX
PRAVDA;1919;8594159532052;Thermo Lean 90 kapslí, AMIX
PRAVDA;3680;8594159533509;B-complex + vitamin C a E 90 tbl , AMIX
PRAVDA;4005;8594159537460;Re-Core concentrate 540g, Amix
PRAVDA;1749;8595005802213;L-Carnitin 240 kps, PROM-IN
PRAVDA;1734;8595005802299;Bcaa Maximal 2:1:1 + NO 240 cps , PROM-IN
PRAVDA;1735;8595005802336;Bcaa Maximal 2:1:1 + NO 500 cps , PROM-IN
PRAVDA;3882;8596110720133;HellNOX 630g, EXTRIFIT
PRAVDA;3930;9788086462011;Zázračné proměny, Svět Kulturistiky
PRAVDA;275;9788086462134;Dejte pažím šanci,Svět Kulturistiky
PRAVDA;408;9788086462240;lekce kulturistiky 1, Svět Kulturistiky
PRAVDA;484;9788086462257;Žena není muž- výživa pro ženy , Svět Kulturistiky
PRAVDA;549;9788086462264;lekce kulturistiky 2, Svět Kulturistiky
PRAVDA;641;9788086462271;Zázrak zvaný posilovna, Svět Kulturistiky
PRAVDA;1286;9788086462295;lekce kulturistiky 3, Svět Kulturistiky
PRAVDA;3619;neni;Anti-stress Multi B Mega 120 cps, MVP
PRAVDA;1827;neni;Dámské legíny XXtreme, XXTREME NUTRITION
PRAVDA;2864;neni;Nebbia NEW Tílko dámské mini kod 386 NEBBIA
PRAVDA;563;neni;Rukavice AK 15 velur, BIOTECH
PRAVDA;274;neni;TPM lýtka, Svět Kulturistiky
PRAVDA;271;neni;TPM-delty, Svět Kulturistiky
PRAVDA;3317;120492048844;Myo-Blitz 240g, Ronnie Coleman Signature Series
PRAVDA;1756;3300330033004;Posilovací háky Ariana, Power system ARIANA
PRAVDA;690;4044782326152;Mega mass 4000 7 kg, WEIDER
PRAVDA;3997;5060221201018;"Grenade Black OPS 100cps, GRENADE
"
PRAVDA;4147;5602353904360;Kakaový prášek BIO 125g, Iswari
PRAVDA;4164;5602353905121;Kokosový cukr BIO 250 g, Iswari
PRAVDA;3401;5901828340772;Cla 100cps,  Trec Nutrition
PRAVDA;2981;5901828340956;Anabolic BCAA System 300 tab., Trec Nutrition
PRAVDA;3006;5901828345098;Cla 200cps,  Trec Nutrition
PRAVDA;2960;5901828347900;100% Whey protein 600g., Trec Nutrition
PRAVDA;3258;5907657146479;Lipoburn 120 cps, Fitness Authority
PRAVDA;749;5999076203727;Thermo Drine Complex 60 kps. , BIOTECH
PRAVDA;3699;5999076203970;Malý sáček PRO ENZY FUSION NITRO GOLD  500 g , BIOTECH
PRAVDA;4064;5999562830543;Protein Milk & Whey YE 2,27g, YE-Nutrition
PRAVDA;4177;631656202618;Hydroxycut SX-7 140cps., MUSCLETECH
PRAVDA;3560;632964304223;Beta-BCAA COR-Performance 345g, CELLUCOR
PRAVDA;2059;666720003075;Incredible Bulk 15lb (7,2kg), MVP
PRAVDA;3893;728633107513;BCAA 6400 125 tabl., SCITEC
PRAVDA;3969;736211051578;CLA Core 90caps, Muscle Pharm
PRAVDA;3487;753182677392;Agmatine 22,5g ,INFINITE LABS
PRAVDA;4019;793573933270;Tyčinka Quest Protein Bar 60g, Quest Nutrition
PRAVDA;3582;8033229470028;Fitness coffee 250g mletá
PRAVDA;3581;8033229471001;Fitness coffee 250g zrno
PRAVDA;3883;816532014688;Protein Meal 1kg , F2 Full Force Nutri.
PRAVDA;3884;816532014695;Protein Meal 3kg , F2 Full Force Nutri.
PRAVDA;4059;8580904663003;Nebbia NEW kraťásky dámské kod 663 NEBBIA
PRAVDA;4068;8580904666004;Nebbia NEW Dámské 3/4 elastické tepláky  kod 666 ,NEBBIA
PRAVDA;3982;8591325000049;Rukavice Mad Max CLASIC
PRAVDA;2412;8591325000216;Opasek syntetický Extreme, MAD MAX
PRAVDA;3324;8592691000305;ALC 60kps+ALC 60kps.+ CLA 60kps, XXTREME Nutrition
PRAVDA;2876;8592691002484;X3 Fat burner  120 + 120cps, XXTREME NUTRITION
PRAVDA;2879;8592691002521;HMB PLUS 120 cps, XXTREME NUTRITION
PRAVDA;2799;8594004011688;Koenzym Q10 Forte 30 kps., Olimpex
PRAVDA;1444;8594014860924;Formdrink 1L - Nutrend, NUTREND
PRAVDA;2262;8594014865080;Flexit Drink, dóza 400g, NUTREND
PRAVDA;1927;8594014868210;T-Meal Fruity, 400g , NUTREND
PRAVDA;69;8594045470307;Ca, Mg, Zn 120+5 tab., H-SPORT
PRAVDA;1854;8594046794396;Tribumax 90% saponins 120 cps , Aminostar
PRAVDA;713;8594067420137;Mega BCAA amino 140000 100tbl, CARNE LABS
PRAVDA;73;8594067420267;Multiple Ultra 4,120 tab., CARNE LABS
PRAVDA;783;8594067420281;Vitamin E 400 natural 60 caps., CARNE LABS
PRAVDA;1116;8594073171955;L-Glutamine 1000, 120 cps., NUTREND
PRAVDA;3404;8594159531543;NightPro Elite 90% protein2300g, AMIX
PRAVDA;1905;8594159532526;Beef extra amino 360 kps., AMIX
PRAVDA;1921;8594159532540;Beef extra amino 198 kapslí, AMIX
PRAVDA;1974;8594159532601;Vitamin C 1000mg + rose hips 100 caps, AMIX
PRAVDA;1975;8594159532663;HCA 500mg 150 kapslí, AMIX
PRAVDA;1930;8594159532724;Creatine monohydrate 800mg 220 kapslí, AMIX
PRAVDA;2286;8594159533783;Anabolic Masster 2200g, AMIX
PRAVDA;3407;8594159535145;1 dávka Anabolic monster beef 90% 33g, Amix
PRAVDA;2789;8594159535602;"Shake 4 Fitslim 500g, AMIX
"
PRAVDA;3672;8594159536104;Iso GEL Energy Shock 70ml , AMIX
PRAVDA;3503;8594159536524;Colostrum 1000mg, 100 kps., Amix
PRAVDA;2800;neni;Amino Hydro 6900 ULTRA 350 tbl., SNV
PRAVDA;4145;neni;DUO HLÍVA IMUMYKOL 90 + 30cps
PRAVDA;2865;neni;Nebbia - Reg Top Hard kod 281, NEBBIA
PRAVDA;4146;5602353905312;Konopná vláknina BIO 250g, Iswari
PRAVDA;3076;5901828340833;Life Energy Herbal 60tbl., Trec Nutrition
PRAVDA;2922;5901828344022;Isofaster 400g (izotonicky napoj), Trec Nutrition
PRAVDA;3119;5901828345463;MCT olej 400 ml, Trec Nutrition
PRAVDA;3936;5907640817928;RAYO Fitness rukavice, Spokey s.r.o.
PRAVDA;3256;5907657142396;Platinum Micellar Casein 1,6kg, Fitness Authority
PRAVDA;3567;5907657148435;MASS CORE 7kg, Fitness Authority
PRAVDA;3972;5907657149708;FA So Good Protein Pancakes palačinky 1000 g, Fitness Authority
PRAVDA;92;5999076204304;100 % Creatine monohydrate 1 kg - Biotech
PRAVDA;27;5999076204793;Creatine tablety 200 tbl. BIOTECH
PRAVDA;3963;5999076206421;Protein Express 2270g , BIOTECH
PRAVDA;4078;5999500531570;Zinc - Zinek 100 tbl, BIOTECH USA
PRAVDA;747;5999500532515;Liquid BCAA  1L, BIOTECH
PRAVDA;3547;5999500536681;Multivitamin for Men 60 tab., BIOTECH USA
PRAVDA;3592;631656251647;Vapor Performance 477g EU, MUSCLETECH
PRAVDA;4167;631656252682;Complex-1,  1kg, FUEL ONE
PRAVDA;732;631656703214;NEW Cell Tech Performance 2,7kg , MUSCLETECH
PRAVDA;2740;666720000029;NEW Flex 4 Joints 120cps, MVP
PRAVDA;2319;666720003495;Iso Muscle 94 2,3kg=5lbs, MVP
PRAVDA;4165;666720200306;Bcaa+ glutamin 500g Humabolic Science
PRAVDA;3817;696859258282;Assault 30 servings NOVINKA 435g, Muscle Pharm
PRAVDA;1383;728633106363;100% Whey protein professional 5kg, SCITEC
PRAVDA;3502;728633107223;ALA 50cps, SCITEC
PRAVDA;3381;728633107315;100% Milk Protein Delite 5 kg, SCITEC
PRAVDA;4113;834266006571;TRUE MASS 1200 4,71 kg, BSN
PRAVDA;3718;8580904641001;Nebbia NEW Dámský top tričko kod 641, NEBBIA
PRAVDA;4074;8580904675006;Nebbia NEW Dámské elast. dlouhé nohavice kod 675, NEBBIA
PRAVDA;3975;8580904790006;Pánská Mikina FITNESS ZIPS LAMPAS 790, NEBBIA
PRAVDA;4119;8580904792000;Milan Šádek Kolekcia - Hard šortky/kraťasy 792 NEBBIA
PRAVDA;573;8594014860177;CEE - Creatine ethyl ester 120t. Nutrend
PRAVDA;802;8594046795195;Vitamin C 1000mg + extrakt šípku 100 caps., AMINOSTAR
PRAVDA;580;8594073170712;Flexit 360 kps., NUTREND
PRAVDA;3925;8594073174505;Compress B.I.G. 2100g, Nutrend
PRAVDA;1977;8594159531925;Tribulyn 120 kapslí, AMIX
PRAVDA;1994;8594159532502;Cla 1200 + green tea 120 kapslí, AMIX
PRAVDA;2911;8594159535107;Anabolic monster beef 90% 2200g, Amix
PRAVDA;3477;8594159535657;"Shake 4 Fitslim 1kg, AMIX
"
PRAVDA;3650;8594159536371;Champion sports fuel 1:70 1L , AMIX
PRAVDA;1825;neni;Dámské kraťasy XXtreme, XXTREME NUTRITION
PRAVDA;1389;neni;Energia Long EFF 25 ml. , SNV
PRAVDA;1818;neni;Kraťasy Fitness kod 402, NEBBIA
PRAVDA;2870;neni;Nebbia - p. tričko kod 418, Nebbia
PRAVDA;3701;neni;Nebbia NEW Tričko bavlna kod 606 NEBBIA
PRAVDA;3717;neni;Pánská Mikina s kapucí KOD 562, NEBBIA
PRAVDA;3887;neni;Protein pudding 70% 300g (10 porcí), LSP nutrition
PRAVDA;564;neni;Rukavice AK 11 froté modré , BIOTECH
PRAVDA;4028;081950001514;PreWorkout Conquer 273g 60 dávek, iFORCE Nutrition
PRAVDA;3945;3100310031002;Celokožený opasek, Power System Ariana
PRAVDA;107;4018209101011;Thermo Drine Liquid Concentrat 0,5 l, BIOTECH
PRAVDA;3921;5060245601887;Complete protein 2kg, OPTIMUM NUTRITION
PRAVDA;1724;5907695568660;Opasek neopren PA003, HMS
PRAVDA;16;5999076204281;100 % Creatine monohyrate 500g dóza BIOTECH
PRAVDA;4077;5999076205226;Energy GEL 60g, BIOTECH
PRAVDA;3372;666720100309;Pro T Fusion 2,3 kg, PHP Edge
PRAVDA;4054;666720200320;Nitro-Amino Whey 4,6 kg Humabolic Science
PRAVDA;3907;766897261008;Pre-Fight 42 serving, Infinite Labs
PRAVDA;3867;816532014541;MPM Mixed Protein Matrix 1kg, F2 Full Force Nutri.
PRAVDA;4170;856036003610;4DN Hydro Matrix 1,36 kg, 4 Dimension Nutrition
PRAVDA;3807;8580904662006;Nebbia NEW kraťásky dámské kod 645 NEBBIA
PRAVDA;2798;8594004011350;Shark olej ze žr. jater 150 kapslí, Olimpex
PRAVDA;582;8594014864465;Vitamin C 500 100t, NUTREND
PRAVDA;1846;8594067420434;Extra Lecitin 1200 + vitamin E 100 caps, CARNE LABS
PRAVDA;1460;8594073172891;B4 Sport obilná kaše 5x60g, NUTREND
PRAVDA;2750;8594073174352;Whey CORE 100 20x30g (600g), NUTREND
PRAVDA;1969;8594159531703;OsteoGelatine + MSM 400 kapslí , AMIX
PRAVDA;1955;8594159531864;Taurine 1000mg 120 kapslí , AMIX
PRAVDA;4012;neni;Muscle Gel 46g, Muscle Pharm
PRAVDA;3271;neni;Pánská Mikina s kapucí KOD 507, NEBBIA
PRAVDA;586;neni;Rukavice AK 13 froté červené , BIOTECH
PRAVDA;2826;neni;Rukavice Gel Shock, Trec Nutrition
PRAVDA;3991;není;100% Whey Protein 1935g, iFORCE Nutrition
PRAVDA;221;030963060414;Amino ST 2300 180 tb, BIOTECH USA
PRAVDA;1138;039442030115;Animal pak 44 packs Universal, UNIVERSAL NUTRITION
PRAVDA;3427;120492047106;PRO-ANTIUM protein 2,15kg, RCSS, Ronnie Coleman
PRAVDA;3628;4044782302439;Muscle Protein Drink 500ml, Weider
PRAVDA;3180;5901828341847;Super Omega 3 60cps., Trec Nutrition
PRAVDA;3277;5999076200108;Probiotics 20tbl, BIOTECH
PRAVDA;3413;5999076200399;sáček Max Gain Plus NEW 1000 g, BIOTECH USA
PRAVDA;4125;5999076206988;BCAA 6000 100tbl, BIOTECH
PRAVDA;215;5999500536070;Power belt / Opasek - vzpěračský, BIOTECH
PRAVDA;4173;631656704921;BIG PHASE8 4,5kg MuscleTech
PRAVDA;3957;666720100422;Pro T Fusion 4,54 kg, PHP Edge
PRAVDA;3374;666720101573;Amino Growht 500 tbl., PHP Edge
PRAVDA;3992;713757920803;Fish oil 90 soft gels, MusclePharm
PRAVDA;3384;728633105717;100% Milk Protein Delite 2,3 kg, SCITEC
PRAVDA;3387;728633107520;BCAA 6400 375 tabl., SCITEC
PRAVDA;3350;736211047571;Zimní čepice Originál MP, Muscle Pharm
PRAVDA;194;834266005048;Nitrix 360 tab., BSN
PRAVDA;3716;8580904634003;Nebbia NEW Elastické dámské tílko kod 634, NEBBIA
PRAVDA;3721;8580904643005;Nebbia NEW Dámské elast. dlouhé nohavice -legíny kod 643, N1BB, NEBBIA
PRAVDA;3891;8594008163055;Nopalová tyčinka 30g ( cherry, seed, oříšek, exotic ) Nolla
PRAVDA;;8594014866285;Turbosnack 25 ml, NUTREND
PRAVDA;574;8594014868371;Kre-alkalyn 120 tab. Nutrend
PRAVDA;4203;8594073175014;Regener 1 sáček 75g, NUTREND
PRAVDA;3273;neni;Dámská Mikina na zip KOMBI KOD 602, NEBBIA
PRAVDA;3405;neni;NitroNox shooter 140ml, AMIX
PRAVDA;3523;283333100344;Kre Active 120kps, Reaction Nutrition
PRAVDA;3416;5999076200122;CLA 400, 80 cps, BIOTECH
PRAVDA;3370;5999076204090;PRO ENZY FUSION NITRO GOLD  2,2 kg , BIOTECH
PRAVDA;28;5999076204298;100% Creatine monohydrate 0,5 sáček/bag, BIOTECH
PRAVDA;1526;5999076205714;Brutal Muscle ON 2,27kg, BIOTECH
PRAVDA;4079;5999076206391;Protein Express 2kg sáček , BIOTECH
PRAVDA;106;5999500534090;L-Carnitin 35 000, Chrome 500 ml, BIOTECH
PRAVDA;605;5999500537947;Amino ST 5300 120 tab., BIOTECH USA
PRAVDA;733;631656704938;Mass Tech Performance 3,2kg, MUSCLETECH
PRAVDA;2063;666720000623;Pro Whey 4,54 kg MVP, MVP
PRAVDA;1738;7286331012148;Omega 3, 100 cps, SCITEC
PRAVDA;3389;728633105724;Creatine 100% Pure 500 g., SCITEC
PRAVDA;4174;8580904796008;Nebbia - pánské tričko  NO LIMITS kod 796, Nebbia
PRAVDA;585;8594014866339;Shleha 25 ml, lahvička, NUTREND
PRAVDA;911;8594073171528;BCAA mega strong 1000mg 150 tbl, NUTREND
PRAVDA;3406;8594159533820;1 dávka Anabolic Masster 50g, Amix
PRAVDA;3270;neni;Pánská Mikina Italy s kapucí KOD 508, NEBBIA
PRAVDA;3272;neni;Pánská Mikina na zip KOMBI s kapucí KOD 510, NEBBIA
PRAVDA;2782;neni;Pánská mikina na zip polyester, NEBBIA kod  M435
PRAVDA;257;030963400661;Max Gain Plus NEW 1500 g, BIOTECH USA
PRAVDA;321;4018209002004;Creaforce 200tab., BIOTECH
PRAVDA;7;5999076203925;Mega Amino 3200 300t., BIOTECH
PRAVDA;262;5999076204175;Creatine PH-X New PRO 120cps., Biotech
PRAVDA;2745;5999076204526;L-Carnitine Liquid 70000 500ml + chrom, BIOTECH
PRAVDA;669;5999076205424;Ultra Loss 500g, BIOTECH
PRAVDA;62;5999500539330;Power Force 60 caps, Biotech
PRAVDA;4124;5999500539347;Q10 Coenzyme 100mg 60kps, BIOTECH
PRAVDA;4073;5999562830604;"Mg B6 Omega 3; YE-Nutrition"
PRAVDA;3447;666720100064;BCAA X-PRO 400cps, PHP
PRAVDA;3446;666720100408;Iso Grow 2,27kg PHP
PRAVDA;3472;713757858724;AMINO 1- 30 dávek ,428g  Muscle Pharm
PRAVDA;3805;8580904766001;TVAROVANÉ TEPLÁKY FITNESS lampas kod 566/766 , NEBBIA
PRAVDA;3974;8580904775003;Kraťasy/ ŠORTKY LAMPAS 775, NEBBIA
PRAVDA;2804;8594004011299;Shark Forte žraločí chrupavka 150t., Olimpex
PRAVDA;696;8594073171030;Taurine 120 caps, NUTREND
PRAVDA;1064;8594073171818;Compress Gladiator 500 ml, NUTREND
PRAVDA;1328;893912123451;Guggulbolic 90 cps., SYNTRAX
PRAVDA;3682;neni;Nebbia NEW Dámské legíny kod 75,338, 339, 341, 343, 354 NEBBIA
PRAVDA;3601;neni;Tyčinka Energate Balance 35g, Multipower
PRAVDA;3742;039442043917;Natural Sterol Complex 90tbl, UNIVERSAL
PRAVDA;3703;2700270027001;Rukavice Power grip 2800 Adriana, ARIANA
PRAVDA;2827;5901180324472;Rukavice pro ženy, Trec/Spokey Nutrition
PRAVDA;3024;5901828304408;Dibencozide Force B12 100cps., Trec Nutrition
PRAVDA;3998;5907657149937;FA MASS CORE Bar 100g, Fitness Authority
PRAVDA;3956;5999076203178;H2O Q10 60kps, BIOTECH
PRAVDA;1580;5999076203543;sáček Nitro Pure whey Gold 2,2 kg , BIOTECH
PRAVDA;2875;5999076203864;CarboX 500g. , BIOTECH
PRAVDA;190;5999076204137;Hyper Mass 5 kg, BIOTECH
PRAVDA;3775;5999076204687;Spirulina  100 tbl, BIOTECH
PRAVDA;347;5999076205271;Mega Fat Burner 90 tbl. , BIOTECH USA
PRAVDA;1909;5999076205622;Brutal Gainer 3,63 g, BIOTECH
PRAVDA;212;5999500532126;Belt, Split Leather(opasek kůže), BIOTECH
PRAVDA;2004;5999500536728;Flex Formula 60 kps., BIOTECH
PRAVDA;3819;696859258183;Assault 50 servings NOVINKA 725g, Muscle Pharm
PRAVDA;3488;753182677095;Beta Alanine 180cps ,INFINITE LABS
PRAVDA;4091;753182677507;Calcium Pyruvate 90 tbl.,INFINITE LABS
PRAVDA;3979;8591325000421;Rukavice Mad Max CRAZY
PRAVDA;307;8594014865851;Anticramp 120 tab., NUTREND
PRAVDA;805;8594067420557;Vitamin C 1000mg s bioflavony 100tbl., CARNE LABS
PRAVDA;3439;8594073175304;Gutar New energy shot 60ml,  NUTREND
PRAVDA;4017;neni;ISO FULL Action-Line 90ml, Trec Nutrition
PRAVDA;258;5999076204311;100 % L-glutamine 500g, BIOTECH
PRAVDA;4033;5999076206810;Beef Amino 120 tab., BIOTECH USA
PRAVDA;174;5999500530351;L-Carnitine 1000 mg, 30tbl, BIOTECH USA
PRAVDA;187;5999500530436;Sterol Complex 60 tbl., BIOTECH USA
PRAVDA;176;5999500537954;Amino ST 5300 350 tb, BIOTECH USA
PRAVDA;4112;5999562830581;"Ca,Mg,Zn; YE-Nutrition"
PRAVDA;4108;696859262159;Combat NEW Powder 4,5kg, Muscle Pharm
PRAVDA;3453;713757920001;CLA Core 180 caps, Muscle Pharm
PRAVDA;2762;728633101726;100% Whey protein professional 2,35 kg, SCITEC
PRAVDA;3491;753182677026;Final Cutz 100cps, INFINITE LABS
PRAVDA;3984;810390021413;Alpha Amino 30 dávek, Cellucor
PRAVDA;3866;816532014572;MPM Mixed Protein Matrix 3kg, F2 Full Force Nutri.
PRAVDA;4179;856036003320;4DN Ultra PURE OMEGA 3 100cps , 4 Dimension Nutrition
PRAVDA;4060;8580904665007;Nebbia NEW Elastické dámské tričko / tílko kod 665, NEBBIA
PRAVDA;3358;8580904710004;Tepláky Nebbia logo 2014, NEBBIA kod 710
PRAVDA;3940;8580904715009;Nebbia - Vesta Reg Top LEM kod 715, NEBBIA
PRAVDA;4136;858311002615;Weight Gainer 1400 4,6 kg , Top Secret
PRAVDA;578;8594073171559;Tribulus 120 tab TURBO 80% sap, NUTREND
PRAVDA;3671;8594159536081;Iso GEL Recovery 70ml  , AMIX
PRAVDA;709;8595612000262;Maxi Pro 90 2,2kg, ATP
PRAVDA;;5907657148923;tyčinka Pro CORE Bar 80g, Fitness Authority
PRAVDA;2916;5999076203710;CreaTOR 120cps., Biotech
PRAVDA;12;5999076203888;100 % L-Glutamin 240g, BIOTECH
PRAVDA;4147;5999076206124;Testanadrol 210tbl , BIOTECH USA
PRAVDA;;5999500531440;Women's ArginMAX 90tab, BIOTECH USA
PRAVDA;210;5999500532225;Trhačky Wrist Band, BIOTECH
PRAVDA;400;5999500536933;HMB 1000 180tbl., BIOTECH USA
PRAVDA;4056;666720200214;Pure  100 ISO 2,3 kg Humabolic Science
PRAVDA;3712;713757859226;AMINO 1 ,50 dávek 680-718g  Muscle Pharm
PRAVDA;4121;810390021376;Alpha Amino 50 dávek, Cellucor
PRAVDA;4123;810390022281;NEON Sport Volt ( 36 dávek ) 191g
PRAVDA;4122;810390022328;NEON Sport Kinetic BCAA-SAA( 30 dávek ) 300g
PRAVDA;4176;856036003061;4DN WHEY PHASE 4,5kg, 4 Dimension Nutrition
PRAVDA;4169;856036003559;4DN CLA 1250 120 caps , 4 Dimension Nutrition
PRAVDA;4172;856036003627;4DN AMINO MATRIX 30 dávek, 4 Dimension Nutrition
PRAVDA;606;8594014862034;Antioxidant 100 kps, NUTREND
PRAVDA;577;8594073171962;Inosine 100 tab., NUTREND
PRAVDA;601;039442047106;Daily Formula 100tbl., UNIVERSAL
PRAVDA;4105;5907657149463;Mass Effect 1kg,  Fitness Authority
PRAVDA;105;5999076204380;NITRON Amino Liquid 1 l, BIOTECH
PRAVDA;402;5999500530788;Ca, MG, Zn 100tab., BIOTECH USA
PRAVDA;1777;5999500532218;Omotávka Wrist band- neoprén AKP-400, BIOTECH
PRAVDA;2113;5999500535288;Brutal CRE-ATP 120 kps Biotech
PRAVDA;3910;696859258374;Arnold Series Iron CRE3 30 dávek, Muscle Pharm
PRAVDA;3909;696859258527;Arnold Series Iron Pump 30 dávek, Muscle Pharm
PRAVDA;4070;696859261152;BCAA 3:1:2 215g 30dávek., Muscle Pharm
PRAVDA;3454;736211053671;Glutamine 300g, Muscle Pharm
PRAVDA;4107;856036003122;4DN MASS PHASE 4,6kg, 4 Dimension Nutrition
PRAVDA;4063;8594073176820;Isodrinx 12 tablet , NUTREND
PRAVDA;2051;5999076204731;Protein Fuel 12x50ml , BIOTECH
PRAVDA;140;5999500302316;Eff. Creatine šumivý 13 tbl., BIOTECH
PRAVDA;254;5999500536711;Multivitamin for Women 60 tab., BIOTECH USA
PRAVDA;3557;632964312075;C4 Extreme 60 dávek 360g, CELLUCOR
PRAVDA;3448;666720101818;BCAA Spiked 700g, PHP
PRAVDA;;8010053062995;Tekuté vaječné bílky 1000ml
PRAVDA;4137;855659004479;VITA-T Men´s Multi-Vitamin 90 caps, Top Secret
PRAVDA;308;8594014865868;Carbonex 12 tab., NUTREND
PRAVDA;3635;8594073175175;Endurosnack 75g sáček, NUTREND
PRAVDA;2825;neni;Rukavice k silovému Tréninku profi, Trec Nutrition
PRAVDA;3995;5901828342660;ADRENALINE GEL 90g, Trec Nutrition
PRAVDA;170;5999076203826;Vitamin C 1000 bioflavonoid 100 t, BIOTECH USA
PRAVDA;554;5999076204359;Vitamin C 1000 Acai Berry 30tbl, BIOTECH USA
PRAVDA;49;5999076205288;EAT/ FAT Control 120tbl, BIOTECH
PRAVDA;208;5999500532072;Belt Leather Board(opasek kůže,karton,kůže), BIOTECH
PRAVDA;3363;736211053879;Armor-V, 180 caps, Muscle Pharm
PRAVDA;3808;8580904282006;Tepláky 3/4 Nebbia Nové velké logo kod 282, NEBBIA
PRAVDA;1469;8594073173720;Tyčinka POWER BIKE bar, 45g , NUTREND
PRAVDA;304;8594073176745;ISODRINX 420g, NUTREND
PRAVDA;3377;5999076203321;sáček malý Nitro Pure whey Gold 454g , BIOTECH
PRAVDA;3955;5999076206384;HMB 3000, 200g , BIOTECH USA
PRAVDA;2162;666720001606;L-Glutamine High Impact 1000g MVP , MVP
PRAVDA;4117;834266008209;Syntha 4,6 kg , BSN
PRAVDA;3587;834266063383;AMINO X 1015g, BSN USA
PRAVDA;3719;8580904632009;NEW Dámské elastické tepláky  kod 632, NEBBIA
PRAVDA;3442;8594073170651;ISODRINX 750 ml, NUTREND
PRAVDA;2868;neni;Nebbia - Pánský Nátělník černý/modrý, kód 527/546 Nebbia
PRAVDA;4047;5907657140095;tyčinka FA So Good Bar 80g, Fitness Authority
PRAVDA;4027;5999076207190;Rukavice Toronto , BIOTECH
PRAVDA;3588;631656703528;PHASE8 2,1kg MuscleTech
PRAVDA;2054;893912124571;Whey Shake - Syntrax, SYNTRAX
PRAVDA;4036;5901828342691;LONG ENERGY GEL 90g, Trec Nutrition
PRAVDA;4190;696859261862;Arnold Series Iron Mass 3,6 kg, Muscle Pharm
PRAVDA;3841;8580904770008;Nebbia - NEW Pánské Tílko HardCore, kód 570, 770 Nebbia
PRAVDA;4102;50665747;"Tyčinka 4:1 Bar 50g; HIGH5"
PRAVDA;2351;5999076204199;Hyper Mass 4 kg BAG, BIOTECH
PRAVDA;198;5999500532010;Rukavice net top, kůže a bavlna, BIOTECH
PRAVDA;4133;811123021007;PreCre 30 dávek 720g , Muscle Elements
PRAVDA;2759;8594046798684;Tyčinka Protein Star 65g , AMINOSTAR
PRAVDA;180;5999076204519;One a Day 100 tab, BIOTECH USA
PRAVDA;1560;834266042128;Cell Mass 2.0 NEW EU 525g, BSN
PRAVDA;369;039442041920;Uni-Liver 250t., UNIVERSAL NUTRITION
PRAVDA;2917;5999076200191;AAKG Arginine Shock Extreme 500ml, BIOTECH
PRAVDA;1420;5999076203857;Tribooster 2000mg 60tbl., BIOTECH
PRAVDA;263;5999076204373;Creatine PH-X  210cps BIOTECH USA
PRAVDA;3911;696859258596;Arnold Series Iron Whey 2270g, Muscle Pharm
PRAVDA;3538;7666720200092;Nitro-Amino Whey 2,3 kg Humabolic Science
PRAVDA;4142;855659004691;Creavar 32 dávek ( 215g ), Top Secret
PRAVDA;3400;neni;S.A.W. Super Anabolic Workout Capsle 30cps blister, Trec Nutrition
PRAVDA;2320;039442027009;Amino 2700 120tbl., UNIVERSAL
PRAVDA;4195;50572984;"EnergyGEL 40g; HIGH5"
PRAVDA;2888;5060119290889;Tyčinka Growth Factor 100g, PhD Nutrition
PRAVDA;2792;5999076203208;Arthro Guard Gold 120 kps., BIOTECH
PRAVDA;3559;632964303233;Whey COR-Performance 1,8kg, CELLUCOR
PRAVDA;2843;736211991119;Recon, 1200g , Muscle Pharm
PRAVDA;4138;858311002745;Creavar 55 dávek ( 370 g ), Top Secret
PRAVDA;2777;8594073175304;BCAA MEGA SHOT 60ml, NUTREND
PRAVDA;3329;neni;Vitamin and Mineral Complex 100tbl SNV
PRAVDA;2321;039442027016;Amino 2700 350 tbl., UNIVERSAL
PRAVDA;4080;5060221200110;"Grenade 50 Calibre sáček 23g, GRENADE
"
PRAVDA;3281;5999076200320;AAKG Arginine Shock Extreme 1000ml, BIOTECH
PRAVDA;3364;736211053374;BCAA 3:1:2 240 caps., Muscle Pharm
PRAVDA;4141;811226020259;Whey Protein 2,3 kg , Top Secret
PRAVDA;545;834266046553;TRUE MASS 2,61 kg, BSN
PRAVDA;2440;8594055300083;Jerky Indiana 50g, INDIANA
PRAVDA;2781;5999076204434;Protein Fuel 500ml , BIOTECH
PRAVDA;1527;5999076204489;L-Carnitine Liquid 100000 500 ml , BIOTECH
PRAVDA;3575;753182677651;Pro Z 90 cps. ZMA,  Infinite Labs
PRAVDA;4134;811123022509;LeanWorks  90caps, Muscle Elements
PRAVDA;4132;811123023100;AmiNo Flow 30 dávek 370g , Muscle Elements
PRAVDA;3440;8594073175328;Tyčinka Regener 45g, NUTREND
PRAVDA;4037;neni;Bottle 750ml - Bidon, BioTech
PRAVDA;1349;0394420305280;Animal Flex 44 bal, UNIVERSAL NUTRITION
PRAVDA;4196;50052998;"ISO GEL 60ml; HIGH5"
PRAVDA;173;5999076206094;Super Fat Burner new 120 tbl. , BIOTECH USA
PRAVDA;2313;5999500532522;Tribulus Maximus 90 kps. 1500mg, BIOTECH
PRAVDA;1473;8594073170941;BCAA Mega strong 1000 ml, NUTREND
PRAVDA;;8594073177124;Tyčinka Voltage energy cake 35g, NUTREND
PRAVDA;3576;753182677675;Pro Tribulus 90 cps.,  Infinite Labs
PRAVDA;4109;856036003009;4DN WHEY PHASE 2,3kg, 4 Dimension Nutrition
PRAVDA;3941;8580904769002;Nebbia - Pánský Nátělník fitness LEM, kód 769, Nebbia
PRAVDA;2058;neni;Tyčinka Multipower 32% 60g, MAXIMUM
PRAVDA;3954;5999076204540;BCAA + B6 200tbl, BIOTECH
PRAVDA;3418;5999076206100;Balíček pro ženy Pink Fit Easy , BIOTECH
PRAVDA;2461;666720003365;Flex 4 Joints Powder 330g, MVP
PRAVDA;4043;810390022045;SUPER HD 120 caps, CELLUCOR
PRAVDA;3996;5901828342721;Carbo Full Gel 90ml, Trec Nutrition
PRAVDA;202;5999500532010;Rukavice long strap,kůže s omotávkou , BIOTECH
PRAVDA;447;834266046201;SYNTHA 1,3 kg 50%, BSN
PRAVDA;247;5999076204236;Hyper Mass 1kg, BIOTECH
PRAVDA;3577;753182677545;Joint Support 90 tab., Infinite Labs
PRAVDA;4115;851780006320;Best BCAA 300g, BPI Sports
PRAVDA;375;8594014860504;Uni sport 1l, NUTREND
PRAVDA;3973;8594172390110;Bitters energetické žvýkačky
PRAVDA;2930;734083000175;Cutting Edge 120, USA SL
PRAVDA;4025;5999076206797;Green Coffee 120 tbl, BIOTECH
PRAVDA;4140;855659004073;BCAA Hyperblend Energy 30 dávek 199g, Top Secret
PRAVDA;4139;855659004486;BCAA Hyperblend 35 dávek 172g, Top Secret
PRAVDA;1736;8594073173195;Tyčinka Muscle Protein Bar 55g, NUTREND
PRAVDA;2921;8342660493016;NO-Xplode 2.0 NEW EU 1080 g, BSN
PRAVDA;2765;8594073173027;L-Carnitin drink 750 ml, NUTREND
PRAVDA;2890;5999076205301;12 Hour Energy Shock / Energy Shot ampule 25 ml. , BIOTECH
PRAVDA;4057;853868001029;Iontový nápoj Nuun 12 tablet, NUUN
PRAVDA;2748;8594073174291;Whey CORE 100 -2,25 kg, NUTREND
PRAVDA;3441;8594073175274;Tyčinka After sport bar 30g NUTREND
PRAVDA;3633;8594073176141;Compress NO GEL 60g, NUTREND
PRAVDA;3545;753182677408;Dagger 330g, Infinite Labs
PRAVDA;3943;neni;Náramek SNV
PRAVDA;3892;4260283681617;Oat King energy bar 95g, Oat King
PRAVDA;4135;858311002127;Digestive Enzyme 90 caps, Top Secret
PRAVDA;4103;50598519;"Tyčinka SportBar 55g; HIGH5"
PRAVDA;2290;8590100320112;Tyčinka Hydro 31% 80g, EXTRIFIT
PRAVDA;3549;8594073175700;T-Meal bar, 40g, NUTREND
PRAVDA;3697;5999076205042;1 dávka Glutanator 15g, BIOTECH
PRAVDA;;632964304308;COR Performance ZMA 120caps, 120tbl., Cellucor
PRAVDA;389;5999500539866;Eff.L-Carnitine šumivý 20 tbl./500 mg, BIOTECH
PRAVDA;3366;705105703862;Combat  Powder 1,8kg, Muscle Pharm
PRAVDA;1524;834266007202;Syntha 2,3 kg , BSN
PRAVDA;2061;666720002962;Incredible Bulk 7,5lb, (3,6kg) sáček MVP
PRAVDA;2328;8594073173744;Compress Brutus, 60ml, NUTREND
PRAVDA;3297;8594073170385;MagnesLife ampulka 25 ml, NUTREND
PRAVDA;2011;8594073173362;Tyčinka DeNuts 35g, NUTREND
PRAVDA;;neni;Výprodej
PRAVDA;3479;8594073175144;Carbosnack, sáček 55g, NUTREND
PRAVDA;4101;50598410;"Tyčinka EnergyBar 60g; HIGH5"
PRAVDA;4020;5999076206230;Oat & Fruits bar 70g, Biotech
PRAVDA;1379;neni;L-Glutamin 500g , SNV
PRAVDA;2787;5060245603317;tyčinka Syntha-6 bar, 90g
PRAVDA;305;8594014864984;Endurosnack 75g tuba, NUTREND
PRAVDA;2908;5907657141887;Napalm Shot 60ml, Fitness Authority
PRAVDA;3632;neni;BCAA Extreme 2000 blistr 15tbl, Fitness Authority
PRAVDA;2443;8594055300076;Jerky Indiana 100g, INDIANA
PRAVDA;3280;5999076200276;Tyčinka Go Energy Bar 40g, BIOTECH
PRAVDA;3994;5901828340307;S.A.W. Super Anabolic Workout SHOT 90ml., Trec Nutrition
PRAVDA;3548;8594073175755;Tyčinka NUTREND Low Carb 30 Protein Bar 80g, Nutrend
PRAVDA;588;neni;Creatine monohydrate 1000g, SNV
PRAVDA;2250;8594055300069;Jerky Indiana 25g, INDIANA
PRAVDA;21;5999076206506;Multi Hypotonic konc. 1L, BIOTECH
PRAVDA;2043;neni;Maltodextrin 3 kg, SNV
PRAVDA;1158;8594073176349;tyčinka Pro Figur NEW , NUTREND
PRAVDA;394;neni;L-carnitin tartrate + green tea + Coenzym Q10, 20 tbl., SNV
PRAVDA;3739;8590300920129;HELL NO-GEL 46g sáček, EXTRIFIT
PRAVDA;1442;8594073170859;Tyčinka Excelent 85g, NUTREND
PRAVDA;302;8594073172587;Carbosnack, tuba 55g, NUTREND
PRAVDA;1471;8594073177131;Tyčinka Voltage energy cake 65g, NUTREND
PRAVDA;3569;5999076202782;Iso Tonic 40g - Endurace IsoRADE, BIOTECH
PRAVDA;2013;8594073173577;tyčinka Compress CFM 34, 40g, NUTREND
PRAVDA;2000;8580904710004;Tepláky Nebbia model 2013 NEW šedé logo, NEBBIA kod 110/710
PRAVDA;3412;5999076200665;Tyčinka GO Protein Bar 80g, BIOTECH
PRAVDA;763;neni;Vitamin C 500mg 100tbl SNV
PRAVDA;1378;neni;L-Glutamin 250g , SNV
PRAVDA;2428;8851123229173;Shark stimulation drink 250ml, SHARK
PRAVDA;575;8594073170811;tyčinka EXCELENT 40 g, NUTREND
PRAVDA;1520;neni;Bidon 0,7l , SNV
PRAVDA;1737;neni;L-carnitin 50 000mg + Green tea , SNV
PRAVDA;552;neni;Creatine monohydrate 500g, SNV
PRAVDA;2014;8594073173539;Tyčinka Compress CFM 34, 80g, NUTREND
PRAVDA;;neni;L-carnitin 50 000 1litr, SNV
PRAVDA;1189;neni;L-carnitin 50 000 + Chrom  0,5l , SNV
PRAVDA;1261;neni;L-carnitin 35 000mg + Chrom  500ml, SNV
PRAVDA;1480;neni;Super BCAA 85 000 liquid 1L, SNV
PRAVDA;670;neni;L-carnitin + chrom 70 000mg 1000 ml, SNV
PRAVDA;1272;neni;L-Carnitin 2500 zelený čaj Balení 10+2 x 25ml, SNV
PRAVDA;518;neni;L-carnitin 40 000 1litr, SNV
PRAVDA;1190;neni;L-carnitin + Chrom 100 000  1l (grep, pom.,višeň, ananas), SNV
PRAVDA;;neni;Creatine Ethyl Ester 750 mg/100caps USA, PROTAMIN
PRAVDA;778;neni;Arginin 1000 AKG 100 tbl., SNV
PRAVDA;1386;neni;Hypotonic drink koncentrát 1l, SNV
PRAVDA;1094;neni;L-Carnitin 2500 zelený čaj ampule 25ml, SNV
