;Kód;Čárkód;Název
;2218;8592691002125;ALC - Acetyl L-carnitine 60+30 (90cps). , XXTREME NUTRITION
;3613;8594159535800;ALC- Acetyl L-Carnitin + Taurin + B6 120cps, Amix
;2974;5901828344862;Amino Max 6800 160 kap., Trec Nutrition
;2975;5901828344855;Amino Max 6800 320 kap., Trec Nutrition
;3250;834266003389;AMINO X 435g, BSN USA
;3683;8594159533882;Anabolic Explosion complex 200 kapslí , AMIX
;1957;8594159531888;Arginine 500 mg 120 kapslí, AMIX
;68;8594045470284;Beta caroten 10000,120+5 tab., H-SPORT
;3556;632964312013;C4 Extreme 30 dávek 180g, CELLUCOR
;2884;8594159531468;Carbo Jet Gain 4000g, AMIX
;3658;8594159535558;CarboJet basic 6000 g , AMIX
;1918;8594159532267;CarniLean Thermo. fat burner 10x25ml , AMIX
;1936;8594159532342;Carniline 1000mg + bioperine 90 cps, AMIX
;1967;85941595532335;CarniLine Pro Fitness + bioperine 480 ml, AMIX
;4055;666720200245;Casein 2,3 kg Humabolic Science
;3634;728633108121;Casein Compex 920g, SCITEC
;3663;8594159534933;Cellex 1040g fruit punch + shaker , AMIX
;1917;8594159531956;Cellex vaso muscular volumizer 520 g, AMIX
;3617;8594159533424;Cellu max Nitro Shot 1800g, AMIX
;4010;8594159537439;CFM Nitro protein Isolate 2kg, MC, Amix
;3004;5901828344336;Cla + GreenTea 90 cap.,  Trec Nutrition
;3009;5901828344794;CM3  180 kap, Trec Nutrition
;1914;8594159532243;Coffi Time 90 kapslí, AMIX
;2903;8594159533462;CoQ10 60mg 100cps, AMIX
;3677;8594159535756;D-AA 100 kapslí, AMIX
;3310;5904383928706;Dámské termo tričko kr.rukáv, Gatta Active
;3438;8594073175403;Ecdysterone 120 cps., Nutrend
;3660;8594159532571;EGG Amino 6000 360tbl. , AMIX
;4001;8007640982002;Enervit R2 sport regener 400g pomeranč, Enervit
;4066;8595098008387;Essential Nitrox pump 750 g, Prom-in
;3741;8595005802565;Fat Burner 100 kps. PROM-IN
;3641;8594046790534;Fat Zero 4 men 100 kps., AMINOSTAR
;3889;5908264416825;FireFit 90cps., FitMax
;3410;8594159535169;Gamma Oryzanol 90 kapslí, AMIX
;800;8594046794037;Guarana, taurin, Inosin GTI power e. 120 cps., AMINOSTAR
;2082;666720002962;Incredible Bulk 7,5lb, (3,6kg) sáček MVP
;3649;8594159534186;Isolyn Recovery drink 800g , AMIX
;3674;8594159536937;Leu-HICA with NOP-47 450g, AMIX
;2277;8594046792996;L-Glutamine micro meshed pure 1000g, AMINOSTAR
;509;893912124618;Matrix Whey Protein 2,3kg , SYNTRAX
;1572;8592691000183;Maximum Whey Protein Isolate 92, 1000 g, XXTREME NUTRITION
;1829;8592691000411;Maxx Iont 1L, XXTREME
;3550;034659080298;Mex Size Max 6,8kg, MEX Nutrition
;3670;8594159534858;Micellar Casein 1000g  , AMIX
;4032;5901180323130;Míč Fitness vč.pumpičky 75cm ( fialový ), Spokey
;1971;8594159532779;Multi Mega Sport Stack 120 tablet, AMIX
;3422;728633105335;New Style Form 450 g, SCITEC
;3405;8594159536210;NitroNox shooter 140ml, AMIX
;3626;5907776170522;No Active 120 kaps. FitMax
;3665;8594159536012;Opti pack complete and full 30 day , AMIX
;1970;8594159531710;OsteoGelatine + MSM 200 kapslí, AMIX
;2120;666720000623;Pro Whey 4,54 kg MVP, MVP
;2071;8594073171436;Profidrinx 400g, citron, NUTREND
;3887;4260283681549;Protein pudding 70% 300g (10 porcí), LSP nutrition
;4084;8594046794785;Pure CFM protein isolate 90% 2kg, AMINOSTAR
;3667;8594159534032;Recovery Max 575g fruit punch , AMIX
;3574;718122657988;Shred Matrix 120caps., Muscle Pharm
;3295;8594073176615;Sports Nutripack, Nutrend
;3648;8594159536784;Super Fiber 3plus 90 kapslí , AMIX
;1716;5907695579000;"Švihadlo SK09,SK01; SK10 HMS"
;3898;728633100965;TransX Professional kreatin 1816g, SCITEC
;3571;794504584226;Tričko s dlouhým rukávem Originál MP, Muscle Pharm
;3938;5901180324014;TWIN Dvojtý posilovací válec/váleček, Spokey s.r.o.
;4212;8594073177353;Tyčinka Deluxe 60g, NUTREND
;4189;696859261527;VELKÉ BALENÍ -Arnold Series Iron Pump 60 dávek 360g, Muscle Pharm
;3678;8594159536142;Waxy GO ! 2000g, AMIX
;651;8594046790947;Whey protein 85 2 kg Actions, AMINOSTAR
;1382;728633102433;Whey protein isolate 2kg - SCITEC, SCITEC
;4100;8594159534414;Whey Pure Fusion protein 2,3 kg, Amix
;3758;8594046794686;WheyPro Action 85 1000g, Aminostar
;1991;8594159531215;WheyPro Elite 65% 1000g , AMIX
;1992;8594159531291;WheyPro Elite 85% 1000g, AMIX
;3637;5907657144598;Xtreme BEEF AMINO 300tbl, Fitness Authority
